{
  "appId": "com.electronangular.app",
  "asar": true,
  "directories": {
    "output": "release/"
  },
  "extends": null,
  "files": [
    "**/*",
    "!**/*.ts",
    "!*.map",
    "!package.json",
    "!package-lock.json",
    {
      "from": "../dist",
      "filter": ["**/*"]
    },
    {
      "from": "../public",
      "to": "public",
      "filter": ["**/*.js"]
    }
  ],
  "linux": {
    "category": "Development",
    "executableArgs": ["--no-sandbox"],
    "icon": "dist/assets/icons",
    "target": ["AppImage"]
  },
  "portable": {
    "splashImage": "dist/assets/icons/electron.bmp"
  },
  "mac": {
    "icon": "dist/assets/icons",
    "target": ["dmg"]
  },
  "win": {
    "artifactName": "sheet_editor_nextgen.exe",
    "icon": "dist/assets/icons",
    "target": ["portable"]
  }
}
